Datetime,Water Level (m)
2025-12-29 06:00:00,0.11394823
2025-12-29 07:00:00,-0.035325322
2025-12-29 08:00:00,-0.18579368
2025-12-29 09:00:00,-0.3391036
2025-12-29 10:00:00,-0.48711804
2025-12-29 11:00:00,-0.60328335
2025-12-29 12:00:00,-0.6828004
2025-12-29 13:00:00,-0.5888461
2025-12-29 14:00:00,-0.40286416
2025-12-29 15:00:00,-0.18868922
2025-12-29 16:00:00,0.045030694
2025-12-29 17:00:00,0.2221008
2025-12-29 18:00:00,0.3262865
2025-12-29 19:00:00,0.2517267
2025-12-29 20:00:00,0.12282034
2025-12-29 21:00:00,-0.01974724
2025-12-29 22:00:00,-0.16698511
2025-12-29 23:00:00,-0.32173207
2025-12-30 00:00:00,-0.45002773
2025-12-30 01:00:00,-0.48801282
2025-12-30 02:00:00,-0.36990556
2025-12-30 03:00:00,-0.25008708
2025-12-30 04:00:00,-0.11474876
2025-12-30 05:00:00,-0.0073024305
2025-12-30 06:00:00,0.04548108
2025-12-30 07:00:00,0.003137497
2025-12-30 08:00:00,-0.09373478
2025-12-30 09:00:00,-0.21622682
2025-12-30 10:00:00,-0.3479203
2025-12-30 11:00:00,-0.48702425
2025-12-30 12:00:00,-0.6143673
2025-12-30 13:00:00,-0.7063
2025-12-30 14:00:00,-0.6122955
2025-12-30 15:00:00,-0.40556082
2025-12-30 16:00:00,-0.17627342
2025-12-30 17:00:00,0.07962724
2025-12-30 18:00:00,0.27467924
2025-12-30 19:00:00,0.41517437
2025-12-30 20:00:00,0.3770975
2025-12-30 21:00:00,0.25331688
2025-12-30 22:00:00,0.10644477
2025-12-30 23:00:00,-0.054177545
2025-12-31 00:00:00,-0.21931826
2025-12-31 01:00:00,-0.38599464
2025-12-31 02:00:00,-0.49635646
2025-12-31 03:00:00,-0.47175625
2025-12-31 04:00:00,-0.31432438
2025-12-31 05:00:00,-0.17530756
2025-12-31 06:00:00,-0.01307364
2025-12-31 07:00:00,0.05517841
2025-12-31 08:00:00,0.028971706
2025-12-31 09:00:00,-0.069261745
2025-12-31 10:00:00,-0.19362174
2025-12-31 11:00:00,-0.32873034
2025-12-31 12:00:00,-0.4686668
2025-12-31 13:00:00,-0.6106979
2025-12-31 14:00:00,-0.7072534
2025-12-31 15:00:00,-0.62751704
2025-12-31 16:00:00,-0.39701855
2025-12-31 17:00:00,-0.16258796
2025-12-31 18:00:00,0.1205671
2025-12-31 19:00:00,0.33551162
2025-12-31 20:00:00,0.5011089
2025-12-31 21:00:00,0.4667243
2025-12-31 22:00:00,0.3309624
2025-12-31 23:00:00,0.16858146
2026-01-01 00:00:00,-0.0050278003
2026-01-01 01:00:00,-0.17951505
2026-01-01 02:00:00,-0.36072508
2026-01-01 03:00:00,-0.4981699
2026-01-01 04:00:00,-0.5133906
2026-01-01 05:00:00,-0.3368097
2026-01-01 06:00:00,-0.1818152
2026-01-01 07:00:00,0.019963944
2026-01-01 08:00:00,0.11705178
2026-01-01 09:00:00,0.10344347
2026-01-01 10:00:00,-0.0069438773
2026-01-01 11:00:00,-0.13639048
2026-01-01 12:00:00,-0.27938983
2026-01-01 13:00:00,-0.42716122
2026-01-01 14:00:00,-0.57543576
2026-01-01 15:00:00,-0.683397
2026-01-01 16:00:00,-0.60967153
2026-01-01 17:00:00,-0.36828047
2026-01-01 18:00:00,-0.11180289
2026-01-01 19:00:00,0.19692412
2026-01-01 20:00:00,0.43383923
2026-01-01 21:00:00,0.5995651
2026-01-01 22:00:00,0.5435941
2026-01-01 23:00:00,0.39806068
2026-01-02 00:00:00,0.22405134
2026-01-02 01:00:00,0.03857598
2026-01-02 02:00:00,-0.1487584
2026-01-02 03:00:00,-0.3417812
2026-01-02 04:00:00,-0.49231994
2026-01-02 05:00:00,-0.5171322
2026-01-02 06:00:00,-0.32129017
2026-01-02 07:00:00,-0.14251633
2026-01-02 08:00:00,0.092363305
2026-01-02 09:00:00,0.19707617
2026-01-02 10:00:00,0.16635518
2026-01-02 11:00:00,0.044266608
2026-01-02 12:00:00,-0.089674614
2026-01-02 13:00:00,-0.23995566
2026-01-02 14:00:00,-0.39845505
2026-01-02 15:00:00,-0.5513495
2026-01-02 16:00:00,-0.6643407
2026-01-02 17:00:00,-0.57634866
2026-01-02 18:00:00,-0.3255491
2026-01-02 19:00:00,-0.042343955
2026-01-02 20:00:00,0.28796986
2026-01-02 21:00:00,0.5385101
2026-01-02 22:00:00,0.67894995
2026-01-02 23:00:00,0.58412516
2026-01-03 00:00:00,0.42537877
2026-01-03 01:00:00,0.23749381
2026-01-03 02:00:00,0.043526437
2026-01-03 03:00:00,-0.15320387
2026-01-03 04:00:00,-0.3493838
2026-01-03 05:00:00,-0.49937657
2026-01-03 06:00:00,-0.5022353
2026-01-03 07:00:00,-0.28507546
2026-01-03 08:00:00,-0.07939893
2026-01-03 09:00:00,0.17003892
2026-01-03 10:00:00,0.26888537
2026-01-03 11:00:00,0.21315181
2026-01-03 12:00:00,0.081947505
2026-01-03 13:00:00,-0.061973915
2026-01-03 14:00:00,-0.21766232
2026-01-03 15:00:00,-0.3854735
2026-01-03 16:00:00,-0.5414951
2026-01-03 17:00:00,-0.6495415
2026-01-03 18:00:00,-0.5171282
2026-01-03 19:00:00,-0.26263884
2026-01-03 20:00:00,0.07281212
2026-01-03 21:00:00,0.38399196
2026-01-03 22:00:00,0.62774736
2026-01-03 23:00:00,0.71002316
2026-01-04 00:00:00,0.581913
2026-01-04 01:00:00,0.41143924
2026-01-04 02:00:00,0.21568832
2026-01-04 03:00:00,0.017720148
2026-01-04 04:00:00,-0.18299577
2026-01-04 05:00:00,-0.37430033
2026-01-04 06:00:00,-0.5125103
